
  {
    "(6, 0, 0)": {
      "loss": [
        0.0056803295109001915,
        0.005267159255321021,
        0.004721104207138996,
        0.004968303665220737,
        0.005161349042044021,
        0.004595237466411199,
        0.004242459990871139,
        0.004392694629440084,
        0.004026672031073831,
        0.0038149112211260943,
        0.003936556383946445,
        0.0034390040221391246
      ],
      "acc": [
        0.99878,
        0.99896,
        0.99916,
        0.99892,
        0.99892,
        0.99914,
        0.9994,
        0.99902,
        0.99934,
        0.99924,
        0.9992,
        0.99944
      ],
      "val_acc": [
        0.9861,
        0.9876,
        0.9878,
        0.9881,
        0.9871,
        0.9873,
        0.9875,
        0.9869,
        0.9882,
        0.9854,
        0.9879,
        0.9838
      ],
      "val_loss": [
        0.04805649534608383,
        0.04439394272378995,
        0.04576964118818505,
        0.04639317584619857,
        0.04690523038354731,
        0.04642419731087939,
        0.04468526760495297,
        0.04863812457402528,
        0.047303312048770564,
        0.04914050384588918,
        0.047299554775850995,
        0.06253427863206744
      ]
    },
    "(3, 0, 0)": {
      "loss": [
        0.022029740642309188,
        0.02143911474354565,
        0.020196940219551325,
        0.01978065011722967,
        0.019020793217495082,
        0.018036160969827325,
        0.01825644275341183,
        0.01696867737095803,
        0.016547007398400454,
        0.015927627947852015,
        0.015192169776083902,
        0.014497370666377246
      ],
      "acc": [
        0.99318,
        0.99308,
        0.99388,
        0.99356,
        0.99428,
        0.99448,
        0.99422,
        0.9947,
        0.99524,
        0.99498,
        0.99568,
        0.99576
      ],
      "val_acc": [
        0.9867,
        0.9857,
        0.9854,
        0.9722,
        0.9846,
        0.9884,
        0.9876,
        0.9882,
        0.9783,
        0.9852,
        0.9829,
        0.9862
      ],
      "val_loss": [
        0.04140654566360172,
        0.0436418061544653,
        0.04470972948321141,
        0.0975943835252896,
        0.04704097556174965,
        0.03843036764055723,
        0.039804417590086814,
        0.03998390985535225,
        0.06999742810626049,
        0.045289944545307666,
        0.05251750103381928,
        0.04603302391540492
      ]
    },
    "(0, 0, 0)": {
      "loss": [
        0.939736416015625,
        0.2901919414806366,
        0.21197933572769165,
        0.16535318240642546,
        0.1377812653017044,
        0.11840188435316086,
        0.10354833723545075,
        0.09426156307935715,
        0.08543712208509445,
        0.07907659630417824,
        0.0732682599133253,
        0.06745566611677409
      ],
      "acc": [
        0.716,
        0.9107,
        0.93452,
        0.949,
        0.95664,
        0.96296,
        0.96758,
        0.97132,
        0.9733,
        0.9755,
        0.97732,
        0.97912
      ],
      "val_acc": [
        0.8625,
        0.9103,
        0.8825,
        0.956,
        0.9469,
        0.9663,
        0.9701,
        0.9717,
        0.9656,
        0.9762,
        0.9751,
        0.9147
      ],
      "val_loss": [
        0.41352988862991336,
        0.287465827023983,
        0.32437028539180757,
        0.14964768287837504,
        0.17321943795233966,
        0.10888436409831047,
        0.09238765632212162,
        0.08544797558113933,
        0.10602060975134373,
        0.07535303782522679,
        0.07377254399210215,
        0.2584690688610077
      ]
    },
    "(7, 0, 0)": {
      "loss": [
        0.0038210995094291864,
        0.0034858429956933106,
        0.003152332457299344,
        0.0031849761488859075,
        0.003297858309680596,
        0.003027404101656284,
        0.002785516916079214,
        0.0027120252761943264,
        0.0029540785748924827,
        0.0025299937387229876,
        0.0025463564047956606,
        0.002523193526407704
      ],
      "acc": [
        0.99924,
        0.9993,
        0.99962,
        0.99948,
        0.99936,
        0.99956,
        0.99952,
        0.99964,
        0.99946,
        0.99964,
        0.99958,
        0.99958
      ],
      "val_acc": [
        0.9872,
        0.9878,
        0.9882,
        0.9877,
        0.9878,
        0.9877,
        0.9878,
        0.9873,
        0.9878,
        0.9875,
        0.9882,
        0.9878
      ],
      "val_loss": [
        0.047606364259784456,
        0.04536143160633801,
        0.04927335171148006,
        0.047099606028575,
        0.04679463252357455,
        0.04790786580655504,
        0.04639015186430624,
        0.046539611221113594,
        0.04767140577246592,
        0.04695242544683488,
        0.04759744861353538,
        0.047271216574904795
      ]
    },
    "(4, 0, 0)": {
      "loss": [
        0.01412225779319182,
        0.01344710786646232,
        0.012663885643798858,
        0.012233848522529006,
        0.012227063342574984,
        0.011408583202809096,
        0.011636371341613121,
        0.010727927043177187,
        0.010392201818106695,
        0.010002039236808195,
        0.00939426243416965,
        0.00920539432330057
      ],
      "acc": [
        0.99594,
        0.99634,
        0.99654,
        0.99658,
        0.99642,
        0.99682,
        0.99654,
        0.9972,
        0.99724,
        0.99732,
        0.99766,
        0.99778
      ],
      "val_acc": [
        0.988,
        0.9872,
        0.9867,
        0.9864,
        0.9865,
        0.9807,
        0.9869,
        0.9859,
        0.9615,
        0.9859,
        0.9861,
        0.9875
      ],
      "val_loss": [
        0.03915457806798222,
        0.041173113327624744,
        0.04321677608779864,
        0.043566325968294406,
        0.044314365198806625,
        0.06591926077624376,
        0.04616587699087395,
        0.047460271300384195,
        0.12304398977458476,
        0.04700001207921596,
        0.044836496073266605,
        0.04263192645589297
      ]
    },
    "(1, 0, 0)": {
      "loss": [
        0.06473713535100221,
        0.060179877945929765,
        0.05679438526779413,
        0.05351063358783722,
        0.05077575266569853,
        0.04886453825727105,
        0.0472113825955987,
        0.04410925485312939,
        0.04312369804173708,
        0.0400992600724101,
        0.03872112863302231,
        0.03742464286059141
      ],
      "acc": [
        0.97966,
        0.98108,
        0.9819,
        0.98314,
        0.9839,
        0.98506,
        0.9849,
        0.9857,
        0.98648,
        0.98782,
        0.98786,
        0.9877
      ],
      "val_acc": [
        0.9794,
        0.9791,
        0.982,
        0.9804,
        0.9834,
        0.9828,
        0.9801,
        0.9635,
        0.98,
        0.9839,
        0.9822,
        0.9847
      ],
      "val_loss": [
        0.06450638944283128,
        0.05832536295633763,
        0.05567308227010071,
        0.05756131274495274,
        0.053236490858905014,
        0.05018326277160086,
        0.06302619524300099,
        0.11111646239310503,
        0.05859205699106678,
        0.04707933929506689,
        0.054157858971552925,
        0.04704056454529054
      ]
    },
    "(5, 0, 0)": {
      "loss": [
        0.008891373159997166,
        0.008421837961263955,
        0.007953153917854653,
        0.007903681608533952,
        0.007879729977762326,
        0.007164317746614106,
        0.006953668535435572,
        0.006547415382522158,
        0.0066174875172507015,
        0.005940344341467134,
        0.005857237210404128,
        0.005693474432481453
      ],
      "acc": [
        0.99774,
        0.99794,
        0.99808,
        0.99792,
        0.99818,
        0.9983,
        0.99846,
        0.99856,
        0.99874,
        0.99886,
        0.99884,
        0.99878
      ],