{"val_loss": [2.295497169494629, 2.2874207805633544, 2.2797146743774412, 2.272090535736084, 2.2643630004882813, 2.256316675567627, 2.2477521614074707, 2.2383921962738036, 2.228032000732422, 2.216421294403076, 2.20326371383667, 2.1882032592773437], "acc": [0.09384, 0.10208, 0.11278, 0.12828, 0.1463, 0.1636, 0.18216, 0.20032, 0.21954, 0.2391, 0.26186, 0.28876], "loss": [2.3015440809631347, 2.29327085647583, 2.2855210075378416, 2.2779901332092285, 2.2704666479492186, 2.262760507965088, 2.2546482488250734, 2.245907285232544, 2.2363101322937013, 2.225619758758545, 2.213571246795654, 2.1998476370239257], "val_acc": [0.0963, 0.1046, 0.1186, 0.1353, 0.1558, 0.1747, 0.1931, 0.2136, 0.2311, 0.2541, 0.2803, 0.3093]}