{"val_loss": [0.38651653985977175, 0.2783381512880325, 0.16376372160315514, 0.3042766976237297, 0.10297927306741476, 0.11267885752394795, 0.09111586941145361, 0.08726018961071969, 0.12940765851140024, 0.17354853251576424, 0.06328559152390807, 0.06086532723065466], "acc": [0.75248, 0.91762, 0.94256, 0.9551, 0.96366, 0.96838, 0.97234, 0.9747, 0.97678, 0.97906, 0.9804, 0.98164], "loss": [0.8727114163637161, 0.2690452467250824, 0.189549767472744, 0.14643652297973633, 0.12043394300103187, 0.10355153133153916, 0.09111191569209098, 0.0823161544507742, 0.07548305474162102, 0.06942062421381473, 0.06476684864908457, 0.06128692253232002], "val_acc": [0.881, 0.9116, 0.9511, 0.8993, 0.9694, 0.9643, 0.9716, 0.9717, 0.9558, 0.9421, 0.9805, 0.9812]}