{"val_loss": [2.2356285202026367, 2.053234046173096, 1.3170653274536133, 0.6817500282287597, 0.48712569422721863, 0.4065406403064728, 0.36194173924922945, 0.3269972820281982, 0.3031039568185806, 0.2809582229971886, 0.26912655404806135, 0.25814826757907866], "acc": [0.14144, 0.36932, 0.58508, 0.74432, 0.82906, 0.86444, 0.88206, 0.8939, 0.90196, 0.90852, 0.91314, 0.91706], "loss": [2.279332452545166, 2.1668342108154297, 1.7692469362640382, 0.9719817890357971, 0.6008067512321472, 0.469896229057312, 0.4042484868621826, 0.3629900453853607, 0.3338487377738953, 0.3119270381450653, 0.29351108126163483, 0.278586853055954], "val_acc": [0.2518, 0.5036, 0.6928, 0.8171, 0.8683, 0.8868, 0.8997, 0.9072, 0.9124, 0.9194, 0.9228, 0.9249]}