{
    "(0, 0, 0)": {"val_loss": [0.0956919854797423, 0.06767829131707549, 0.048122910625394436, 0.08835046976669692, 0.03795750382527476, 0.03629078289924655, 0.03849440811054083, 0.03705168237699545, 0.03820768376003544, 0.04079847394071985, 0.03780081271884701, 0.40127748536765573], "acc": [0.90246, 0.97396, 0.98176, 0.98628, 0.98884, 0.99116, 0.99234, 0.99348, 0.99518, 0.99538, 0.99648, 0.9972], "loss": [0.31149070154488084, 0.08170026068300008, 0.05716122687667608, 0.043193559045642614, 0.03529731149100698, 0.02883714568041265, 0.023764975945949555, 0.019860423563774675, 0.016108677612468602, 0.014189228908121587, 0.011254139146450907, 0.009521190845454112], "val_acc": [0.9689, 0.9776, 0.9841, 0.9726, 0.987, 0.9881, 0.988, 0.9889, 0.9867, 0.9881, 0.9894, 0.9237]},
    "(1, 0, 0)": {"val_loss": [0.38651653985977175, 0.2783381512880325, 0.16376372160315514, 0.3042766976237297, 0.10297927306741476, 0.11267885752394795, 0.09111586941145361, 0.08726018961071969, 0.12940765851140024, 0.17354853251576424, 0.06328559152390807, 0.06086532723065466], "acc": [0.75248, 0.91762, 0.94256, 0.9551, 0.96366, 0.96838, 0.97234, 0.9747, 0.97678, 0.97906, 0.9804, 0.98164], "loss": [0.8727114163637161, 0.2690452467250824, 0.189549767472744, 0.14643652297973633, 0.12043394300103187, 0.10355153133153916, 0.09111191569209098, 0.0823161544507742, 0.07548305474162102, 0.06942062421381473, 0.06476684864908457, 0.06128692253232002], "val_acc": [0.881, 0.9116, 0.9511, 0.8993, 0.9694, 0.9643, 0.9716, 0.9717, 0.9558, 0.9421, 0.9805, 0.9812]},
    "(2, 0, 0)": {"val_loss": [2.2356285202026367, 2.053234046173096, 1.3170653274536133, 0.6817500282287597, 0.48712569422721863, 0.4065406403064728, 0.36194173924922945, 0.3269972820281982, 0.3031039568185806, 0.2809582229971886, 0.26912655404806135, 0.25814826757907866], "acc": [0.14144, 0.36932, 0.58508, 0.74432, 0.82906, 0.86444, 0.88206, 0.8939, 0.90196, 0.90852, 0.91314, 0.91706], "loss": [2.279332452545166, 2.1668342108154297, 1.7692469362640382, 0.9719817890357971, 0.6008067512321472, 0.469896229057312, 0.4042484868621826, 0.3629900453853607, 0.3338487377738953, 0.3119270381450653, 0.29351108126163483, 0.278586853055954], "val_acc": [0.2518, 0.5036, 0.6928, 0.8171, 0.8683, 0.8868, 0.8997, 0.9072, 0.9124, 0.9194, 0.9228, 0.9249]},
    "(3, 0, 0)": {"val_loss": [2.295497169494629, 2.2874207805633544, 2.2797146743774412, 2.272090535736084, 2.2643630004882813, 2.256316675567627, 2.2477521614074707, 2.2383921962738036, 2.228032000732422, 2.216421294403076, 2.20326371383667, 2.1882032592773437], "acc": [0.09384, 0.10208, 0.11278, 0.12828, 0.1463, 0.1636, 0.18216, 0.20032, 0.21954, 0.2391, 0.26186, 0.28876], "loss": [2.3015440809631347, 2.29327085647583, 2.2855210075378416, 2.2779901332092285, 2.2704666479492186, 2.262760507965088, 2.2546482488250734, 2.245907285232544, 2.2363101322937013, 2.225619758758545, 2.213571246795654, 2.1998476370239257], "val_acc": [0.0963, 0.1046, 0.1186, 0.1353, 0.1558, 0.1747, 0.1931, 0.2136, 0.2311, 0.2541, 0.2803, 0.3093]}
}
