{"std": 281.0040178939312, "episode_rewards": [851.6241379310156, 917.1999999999839, 922.6999999999853, 453.59127516777176, 354.1586750788472, 910.399999999981, 189.20817610063386, 877.6777777777603, 498.78579387185044, 862.35733788394, 855.0282051281879, 455.84405594404126, 148.19931972789598, 929.9999999999949, 919.2999999999829], "mean": 676.4049836407916}