{"mean": 742.1062718810039, "episode_rewards": [856.2862928348696, 913.6999999999837, 920.8999999999884, 917.399999999983, 75.41020408163786, 613.4135135135047, 787.9866425992665, 556.1499999999836, 496.7749999999843, 841.4384615384499, 829.8999999999877, 918.9999999999845, 735.8133126934854, 881.7181818181641, 785.7024691357843], "std": 221.11715614854728}