{"mean": 585.1061133067407, "episode_rewards": [753.0468531468422, 919.6999999999856, 396.9414201183371, 879.4918367346831, 890.0639344262154, 376.9642201834732, 535.6827476038195, 771.4277777777639, -83.63909465020524, 566.5666666666505, 846.3882943143619, 607.5923076923024, 656.2291139240372, -78.36086956521717, 738.4964912280589], "std": 307.76833462946985}