{"std": 111.26859809005947, "mean": 809.8464963217677, "episode_rewards": [862.4468164793868, 838.4113268608249, 852.1292993630364, 884.4559845559639, 810.6692307692191, 902.1999999999795, 910.2999999999809, 514.4454545454438, 910.999999999981, 860.7540925266754, 737.3999999999858, 720.4128205128085, 833.8622641509228, 620.1797202797098, 889.0304347825963]}