{"episode_rewards": [533.7983050847299, 856.5666666666535, 501.14610591898816, 21.933898305086807, 291.4662650602264, 858.8041095890211, 570.8265175718699, 356.54739884391347, 334.8315068492992, 528.6625418060044, 869.5969696969513, 927.1999999999838, 883.3983498349718, 53.23333333333764, 916.8999999999853], "mean": 566.9941312374015, "std": 300.547662734441}