{"std": 160.86495934250016, "episode_rewards": [771.0864406779564, 873.6704918032641, 916.3999999999835, 634.8823321554715, 391.425423728797, 909.0999999999826, 786.3468864468788, 773.9458015267114, 546.0538461538325, 886.9129870129672, 715.2846153846021, 768.5868686868508, 910.5999999999907, 861.6834394904249, 475.04450867051634], "mean": 748.0682427825487}