{"episode_rewards": [879.3520547945009, 472.2270440251402, 918.2999999999834, 571.8745222929751, 312.04057507985675, 911.0999999999906, 258.7957055214571, 532.8113924050475, 346.0538461538313, 727.4862068965328, 612.4984251968348, 905.4999999999804, 805.3054054053855, 873.1441471571696, 664.3927536231803], "std": 223.687374760867, "mean": 652.7254719034577}