{"episode_rewards": [730.0999999999432, 548.5999999999011, 669.7999999999265, 892.8999999999876, 922.8999999999911, 761.3999999999522, 900.7999999999814, 910.1999999999852, 724.9999999999446, 796.899999999954, 918.0999999999842, 885.8999999999754, 806.8999999999637, 895.0999999999782, 840.5999999999686, 848.79999999998], "number_episodes": 16, "mean_all_episodes": 815.8749999999636, "std_all_episodes": 102.65831371596231}