{"episode_rewards": [896.4999999999893, 911.2999999999812, 919.099999999984, 843.6999999999681, 845.899999999967, 916.0999999999849, 834.3999999999716, 918.2999999999913, 913.0999999999912, 868.0999999999717, 789.2999999999618, 788.6999999999545, 915.8999999999814, 922.7999999999843, 910.6999999999855, 849.2999999999784, 810.2999999999679, 863.4999999999785, 914.6999999999853, 909.3999999999803], "mean_all_episodes": 877.0549999999779, "number_episodes": 20, "std_all_episodes": 44.688404256594424}