{"episode_rewards": [896.4999999999893, 911.2999999999812, 919.099999999984, 843.6999999999681, 845.899999999967, 916.0999999999849, 834.3999999999716, 918.2999999999913, 913.0999999999912, 868.0999999999717, 789.2999999999618], "mean_all_episodes": 877.7999999999782, "number_episodes": 11, "std_all_episodes": 42.1266272952572}