{"number_episodes": 12, "std_all_episodes": 79.26036691746879, "episode_rewards": [751.5999999999481, 924.4999999999869, 912.3999999999871, 704.5999999999334, 836.4999999999645, 837.3999999999746, 904.099999999981, 920.099999999986, 910.5999999999915, 912.5999999999871, 759.4999999999537, 741.5999999999524], "mean_all_episodes": 842.9583333333039}