{"episode_rewards": [730.0999999999432, 548.5999999999011], "number_episodes": 2, "mean_all_episodes": 639.3499999999221, "std_all_episodes": 90.75000000002103}