{"number_episodes": 5, "std_all_episodes": 86.66111930966312, "episode_rewards": [751.5999999999481, 924.4999999999869, 912.3999999999871, 704.5999999999334, 836.4999999999645], "mean_all_episodes": 825.919999999964}