{"number_episodes": 3, "episode_rewards": [779.4999999999543, 910.4999999999815, 877.2999999999867], "std_all_episodes": 55.60583502556494, "mean_all_episodes": 855.7666666666408}