{"mean": 116.49545693619436, "episode_rewards": [160.03513513514025, -84.08064516129096, 732.6137546468241, -62.83333333333369, 81.40684931507082, 43.52316602316685, -7.901418439716389, -65.46037735848992, 0.5594202898565186, -93.57910447761196, 249.55034965034937, 333.98360128615803, 12.685303514377651, 453.5332179930653, -6.60406504065048], "std": 226.73441114569286}