{"episode_rewards": [63.82459016393534, -64.97021276595775, -109.65167173252345, 474.4454545454371, -93.25068493150582, -11.699999999998624, 535.0351351351194, 69.32148760331063, 9.334782608696173, 292.49259259259657, 28.735294117647726, 120.51818181818322, 8.032258064516625, 30.398761609907808, 484.092439862535], "mean": 122.44389391279331, "std": 209.24518617284986}