{"number_episodes": 26, "std_all_episodes": 70.13221959167042, "episode_rewards": [751.5999999999481, 924.4999999999869, 912.3999999999871, 704.5999999999334, 836.4999999999645, 837.3999999999746, 904.099999999981, 920.099999999986, 910.5999999999915, 912.5999999999871, 759.4999999999537, 741.5999999999524, 796.2999999999568, 859.2999999999776, 819.7999999999595, 921.0999999999885, 866.5999999999752, 919.2999999999911, 925.9999999999873, 778.5999999999568, 903.5999999999792, 842.699999999967, 729.5999999999481, 921.3999999999834, 872.5999999999741, 786.3999999999552], "mean_all_episodes": 848.4153846153556}