{"episode_rewards": [730.0999999999432, 548.5999999999011, 669.7999999999265, 892.8999999999876, 922.8999999999911, 761.3999999999522, 900.7999999999814, 910.1999999999852, 724.9999999999446], "number_episodes": 9, "mean_all_episodes": 784.6333333332904, "std_all_episodes": 122.95855670376883}