{"number_episodes": 10, "std_all_episodes": 73.98104081454039, "episode_rewards": [751.5999999999481, 924.4999999999869, 912.3999999999871, 704.5999999999334, 836.4999999999645, 837.3999999999746, 904.099999999981, 920.099999999986, 910.5999999999915, 912.5999999999871], "mean_all_episodes": 861.4399999999739}