{"episode_rewards": [896.4999999999893, 911.2999999999812, 919.099999999984, 843.6999999999681, 845.899999999967, 916.0999999999849, 834.3999999999716, 918.2999999999913, 913.0999999999912, 868.0999999999717, 789.2999999999618, 788.6999999999545, 915.8999999999814, 922.7999999999843, 910.6999999999855, 849.2999999999784, 810.2999999999679, 863.4999999999785, 914.6999999999853, 909.3999999999803, 884.6999999999758, 919.3999999999858, 894.2999999999778, 833.4999999999745, 835.3999999999627, 918.1999999999871, 869.6999999999734, 916.8999999999843, 914.6999999999911, 920.9999999999909, 848.999999999968, 873.6999999999905, 924.0999999999917], "mean_all_episodes": 881.6878787878579, "number_episodes": 33, "std_all_episodes": 40.71646050563852}