{"episode_rewards": [730.0999999999432, 548.5999999999011, 669.7999999999265, 892.8999999999876, 922.8999999999911, 761.3999999999522, 900.7999999999814, 910.1999999999852, 724.9999999999446, 796.899999999954, 918.0999999999842, 885.8999999999754, 806.8999999999637, 895.0999999999782, 840.5999999999686, 848.79999999998, 902.3999999999808, 852.1999999999705, 910.8999999999814, 932.9999999999962, 905.5999999999904, 903.9999999999898, 887.0999999999851, 845.4999999999667, 921.3999999999858, 919.7999999999909, 919.6999999999856, 883.4999999999801, 913.299999999993, 859.9999999999698, 920.7999999999926], "number_episodes": 31, "mean_all_episodes": 855.9096774193283, "std_all_episodes": 86.50779698159702}