{"episode_rewards": [730.0999999999432, 548.5999999999011, 669.7999999999265, 892.8999999999876, 922.8999999999911, 761.3999999999522], "number_episodes": 6, "mean_all_episodes": 754.2833333332836, "std_all_episodes": 127.62229973204921}