{"std": 145.6976286263067, "episode_rewards": [251.15448028672645, 225.3673992673896, 39.86306620209129, -53.9123456790126, -74.38965517241412, -90.64698795180777, 32.72786885246123, -64.38545994065308, 288.4135135135043, 317.85665634673455, 55.95095541401238, 14.483333333334151, -93.17958477508549, -71.66583850931731, 212.20283911671794], "mean": 65.98934935364544}