{"std_all_episodes": 62.70000000001403, "number_episodes": 2, "mean_all_episodes": 812.2999999999685, "episode_rewards": [874.9999999999825, 749.5999999999544]}