{"episode_rewards": [896.4999999999893, 911.2999999999812, 919.099999999984, 843.6999999999681], "mean_all_episodes": 892.6499999999807, "number_episodes": 4, "std_all_episodes": 29.403868793075056}