{"episode_rewards": [730.0999999999432], "number_episodes": 1, "mean_all_episodes": 730.0999999999432, "std_all_episodes": 0.0}