{"episode_rewards": [602.5999999999199], "std_all_episodes": 0.0, "number_episodes": 1, "mean_all_episodes": 602.5999999999199}