{"number_episodes": 3, "std_all_episodes": 78.80881225403526, "episode_rewards": [751.5999999999481, 924.4999999999869, 912.3999999999871], "mean_all_episodes": 862.8333333333072}