{"episode_rewards": [730.0999999999432, 548.5999999999011, 669.7999999999265, 892.8999999999876, 922.8999999999911, 761.3999999999522, 900.7999999999814, 910.1999999999852, 724.9999999999446, 796.899999999954, 918.0999999999842, 885.8999999999754, 806.8999999999637, 895.0999999999782, 840.5999999999686, 848.79999999998, 902.3999999999808, 852.1999999999705, 910.8999999999814, 932.9999999999962, 905.5999999999904], "number_episodes": 21, "mean_all_episodes": 836.0999999999684, "std_all_episodes": 97.50073992395532}