{"episode_rewards": [896.4999999999893, 911.2999999999812, 919.099999999984, 843.6999999999681, 845.899999999967, 916.0999999999849, 834.3999999999716, 918.2999999999913], "mean_all_episodes": 885.6624999999797, "number_episodes": 8, "std_all_episodes": 35.09665003601566}