{"(0, 0, 0)": {"acc": [0.91668, 0.9755, 0.98278, 0.98688, 0.98882, 0.9905, 0.99232, 0.99356, 0.99476, 0.99524, 0.99574, 0.99698], "loss": [0.26985937827944756, 0.07931595496714115, 0.056364704377949236, 0.04172357850730419, 0.0349831877852045, 0.029304913797753396, 0.024641437377519906, 0.020054709960836917, 0.016044257339295, 0.014603978806664236, 0.011911198634867323, 0.009775712109329178], "val_loss": [0.2967674684047699, 0.05948147682668641, 0.04453934688102454, 0.0398753858119715, 0.038193978373613206, 0.0370032505755662, 0.03479938308214769, 0.03695778521762695, 0.03555496898600395, 0.03594036447937251, 0.031834056943841275, 0.032815529752375734], "val_acc": [0.9034, 0.9806, 0.9847, 0.9869, 0.9876, 0.9886, 0.988, 0.9877, 0.9888, 0.9883, 0.9898, 0.99]}}