{
  "(0, 0, 0)": {"loss": [2.2652681912231447, 2.174587944946289, 2.000184710006714, 1.6545739055633546, 1.2252241355323792, 0.9467969902801514, 0.801109116973877, 0.7163353591537476, 0.6628833676338196, 0.6265051705551148, 0.600212016658783, 0.5799317955970764], "val_acc": [0.3356, 0.5356, 0.6136, 0.6774, 0.7246, 0.7569, 0.7822, 0.7949, 0.8091, 0.8161, 0.8209, 0.8237], "acc": [0.1811, 0.44284, 0.56524, 0.6297, 0.68898, 0.7263, 0.7564, 0.78076, 0.7943, 0.8043, 0.81132, 0.8165], "val_loss": [2.2248430366516114, 2.106346984100342, 1.8546694177627563, 1.415032059288025, 1.0340449304580688, 0.8359604402542115, 0.7289470457077026, 0.6653310374259949, 0.6229968623161316, 0.5947377433776856, 0.5729716786384582, 0.5569734230041504]},
  "(1, 0, 0)": {"loss": [2.287907001647949, 2.242516292114258, 2.1294032579040527, 1.6955586763381958, 0.9197097062683105, 0.5809938016700744, 0.46147220717430115, 0.3993453988075256, 0.3601936077308655, 0.33169979898452756, 0.31008513132572174, 0.291605190114975], "val_acc": [0.2813, 0.3451, 0.5001, 0.7467, 0.8304, 0.8716, 0.8879, 0.898, 0.905, 0.9121, 0.9182, 0.9248], "acc": [0.22778, 0.30756, 0.4023, 0.61608, 0.77722, 0.83898, 0.86882, 0.88478, 0.89506, 0.90252, 0.90854, 0.91322], "val_loss": [2.2680016540527346, 2.2055180713653564, 2.000042936706543, 1.2439107540130616, 0.6533787872314453, 0.4769109142780304, 0.40085596828460696, 0.35502289299964906, 0.3240987309217453, 0.3014116192340851, 0.28086065628528595, 0.2635544026613236]},
  "(2, 0, 0)": {"loss": [2.1905343920898437, 1.5513139266204834, 0.7179431001853943, 0.4705981216812134, 0.38293025734901426, 0.33561685142993924, 0.3039808406543732, 0.2799213948655129, 0.26055736832618714, 0.24457337621688843, 0.230373970323205, 0.21814845735549926], "val_acc": [0.571, 0.7737, 0.8636, 0.8941, 0.9045, 0.9136, 0.9193, 0.9275, 0.9306, 0.9352, 0.9375, 0.9391], "acc": [0.29474, 0.65724, 0.80786, 0.86864, 0.89042, 0.90204, 0.91044, 0.91788, 0.92302, 0.92814, 0.93184, 0.9353], "val_loss": [2.0163051151275635, 0.9719587346076966, 0.5180371091842652, 0.3879090021133423, 0.3348489436149597, 0.2992774134159088, 0.2725952495574951, 0.24929062052965165, 0.23400959597826004, 0.22042933132648468, 0.20731634249687195, 0.20115629712343217]},
  "(3, 0, 0)": {"loss": [2.2318920431518556, 1.68842476272583, 0.7370224971008301, 0.4483085400915146, 0.36019206094741824, 0.31518833906173704, 0.2851458306503296, 0.2630991446304321, 0.24525988292694093, 0.23012970360755922, 0.21775216901779174, 0.20664624280929567], "val_acc": [0.4649, 0.7608, 0.877, 0.8985, 0.9117, 0.9174, 0.927, 0.9314, 0.9348, 0.9355, 0.9401, 0.9427], "acc": [0.2429, 0.62056, 0.82086, 0.87858, 0.8972, 0.90942, 0.9161, 0.9227, 0.92832, 0.93128, 0.9352, 0.93862], "val_loss": [2.1091454429626464, 1.0740445804595948, 0.5044470049381257, 0.36806819190979007, 0.31698482146263124, 0.2849847153544426, 0.2526278224825859, 0.2337649016082287, 0.21838827511668205, 0.21643121301531792, 0.20211104493439197, 0.18929789430499078]}
}