{
 "(0, 0, 0)": {"val_loss": [0.06309519692351459, 0.039673619694849546, 0.08408038558267235, 0.04890723482842987, 0.03773888473318925, 0.04353748052229754, 0.03962522076560657, 0.06317439047021337, 0.049713000314585636, 0.042546184867355195, 0.04382703660883077, 0.04715656699202976], "loss": [0.19061615414388244, 0.06163314034681709, 0.04187000447029539, 0.03578440135963832, 0.028161243036858342, 0.023756723730553604, 0.023507556217541765, 0.018990522675085993, 0.017910715986608, 0.013758283986956851, 0.01813568036048399, 0.013261088773735682], "val_acc": [0.980200003695488, 0.9859000043690205, 0.9755000054895878, 0.9845000059485436, 0.9877000043988228, 0.9876000049829483, 0.9890000043809414, 0.9830000054240227, 0.9871000052154064, 0.9893000053167343, 0.9883000040709973, 0.988400004708767], "acc": [0.9388000034716726, 0.9809400065934658, 0.9870600065732003, 0.9883000063192844, 0.9914400049865246, 0.9918600052702427, 0.9924200044429302, 0.9936600041890145, 0.9940800042283535, 0.995500002874136, 0.9942000039672851, 0.9957200032508373]}
}