{"std": 13.400726015327363, "mean": -77.94814354029093, "episode_rewards": [-86.54812286689352, -91.10909090908999, -73.7973597359736, -85.54798534798473, -64.228776978418, -44.43791821561377, -80.19999999999966, -84.63579766536908, -83.3081081081076, -86.64067796610102, -76.24790419161666, -91.08145896656444, -71.83120567375902, -56.450000000000735, -93.15774647887221]}