{"std": 319.9037598454491, "mean": 552.772966197794, "episode_rewards": [904.7999999999847, 743.4482084690407, -14.698141263941128, 682.2561403508661, 749.629351535821, 727.1615635179024, 761.0099644128017, -39.59393939394009, 718.5919463087115, -89.63661971830902, 533.3616438356058, 549.3176848874508, 786.4666666666567, 816.1879598662039, 463.2920634920552]}