{"std": 197.34177294115182, "mean": 503.10378374546633, "episode_rewards": [284.9351351351202, 284.1648208468952, 701.9582733812811, 211.03919308357843, 613.0616487455055, 751.1011152416215, 572.0972972972817, 278.88496732025015, 451.3151515151388, 386.81298701297317, 821.059842519672, 419.9465201465073, 832.2894514767823, 458.01917808217746, 479.8711743772095]}