{"mean": -84.50970458637282, "std": 2.141013603910479, "episode_rewards": [-84.42712933753884, -86.11549295774584, -87.21298701298632, -85.00243161094166, -86.77718120805301, -84.90948012232363, -86.50136986301305, -85.38518518518458, -86.73198653198587, -83.19319727891107, -80.74474708171176, -80.27968127490006, -81.61263940520412, -85.21872659175972, -83.53333333333283]}