{"mean": 442.3451966913114, "episode_rewards": [456.94285714284774, 158.9412969283252, 392.6571428571256, 236.5346938775459, 797.6873239436424, 268.4131386861155, 576.0589928057441, 360.79290780140457, 585.7205776173124, 266.5820069203993, 245.31495016609924, 791.691891891872, 667.6571428571343, 358.95445544553246, 471.2285714285706], "std": 196.17598213928324}