{"episode_rewards": [-85.38518518518458, -94.08379204892859, -93.81022364217147, -93.57748344370756, -89.44731182795616, -93.59933993399235, -91.57931034482665, -90.23322259136125, -89.71048951048867, -93.70649350649245, -94.51818181818072, -89.04758364312187, -93.00575539568243, -92.81992619926099, -91.35044247787519], "std": 2.455186705969522, "mean": -91.72498277128207}