{"mean": 495.891194537586, "episode_rewards": [586.2111498257752, 454.59452054793786, 511.5216117216062, 521.5948717948651, 678.3977859778523, 461.59775280898526, 623.0704402515596, 639.6648648648527, 395.09780564263076, 303.5267080745239, 623.3494880545921, 249.79999999999094, 276.03762376237813, 554.0372881355847, 559.8660066006538], "std": 132.13060617697}