{"episode_rewards": [245.71194968553834, 446.56258992805004, 394.34545454545037, 279.5468354430382, 324.97006802721074, 264.0611683848818, 289.6305084745762, 452.1809523809486, 449.97301038061926, 403.37142857142476, 423.9379310344769, 390.9660777385133, 511.89964412810707, 551.6518518518409, 323.46412213740206], "mean": 383.4849061808052, "std": 89.43399202003891}