{"std": 163.3758916834736, "episode_rewards": [337.0990353697603, 520.9604095562979, 582.4568265682543, 191.72546583851422, 632.9189710610792, 188.32459016393926, 565.1543307086495, 155.11914893617538, 461.6729096989829, 219.65294117647142, 347.0727272727163, 140.58318584071225, 247.31773049645935, 221.35477031801784, 384.8746268656546], "mean": 346.4191779914456}