{"std": 3.3016410339534747, "mean": -90.85507918273996, "episode_rewards": [-89.44731182795616, -92.00327868852362, -88.96404494381943, -93.20699300699198, -89.40863309352436, -89.92602739725942, -89.52384341636927, -93.4885906040258, -93.4885906040258, -93.5554817275737, -93.35068493150581, -93.32714776632199, -89.96109215016979, -80.43715415019729, -92.73731343283482]}