{"mean": 495.55520444065576, "std": 278.9107642698921, "episode_rewards": [792.9297709923546, 516.4134185303416, 775.7398496240448, 302.92500000000314, 376.1513513513387, 800.8989010988898, 457.1770491803159, -4.133101045295589, 793.2707903779922, 220.55471698113726, 76.07118644068291, 786.7257950529904, 175.8416666666715, 620.3387205387081, 742.4229508196605]}