{"std": 254.30328190863116, "mean": 652.7734424782825, "episode_rewards": [857.9993569131706, 318.100653594771, 862.7629629629524, 810.4529209621836, 473.08990228012607, 773.5864077669781, 293.5499999999873, 906.3999999999909, 679.8687285223237, 883.0635983263442, 775.6620689655058, 692.2528301886722, 37.4811594202903, 872.240944881878, 555.0901023890631]}