{"std": 8.742731957389791, "episode_rewards": [-90.76603773584816, -85.43985239852337, -67.67967479674817, -90.36393442622864, -61.33074204947068, -86.35916955017235, -87.58170347003082, -89.25109489051013, -86.06572438162479, -79.07323943661945, -88.04194528875304, -83.36498316498266, -88.86855524079242, -70.23745318352087, -85.16240601503699], "mean": -82.63910106859085}