{"mean": 442.02729471450016, "std": 156.04763769255328, "episode_rewards": [339.3161290322513, 437.16654804269547, 561.771830985903, 755.4701030927691, 252.1489932885818, 216.79346405229174, 310.5883817427264, 429.60132450330394, 260.8223642172416, 369.9986754966768, 489.27368421051494, 491.3492957746357, 582.9683168316757, 417.71530944624544, 715.4249999999895]}