{"episode_rewards": [-88.43529411764628, -92.81992619926099, -90.45974025973938, -89.29090909090827, -92.92727272727171, -89.8907216494837, -88.61698841698764, -85.10566037735796, -92.73731343283482, -90.26622516556205, -90.42801302931508, -89.40863309352436, -89.63661971830902, -91.35044247787518, -93.20699300699198], "std": 2.0736591902490846, "mean": -90.30538351753789}