{"std": 242.76886702877852, "mean": 350.42086107641137, "episode_rewards": [324.1542435424188, 117.99110320285138, 351.65185185183424, 696.8479704796906, 106.817543859654, 801.8408163265105, 327.84428044278803, 201.81342281879677, 770.986440677949, 160.9275964391743, 95.38359621451622, 645.3368421052483, 217.9818181818134, 161.84819277108969, 274.88719723183397]}