{"mean": 424.24873342837344, "episode_rewards": [580.7815950920124, 562.1376623376485, 569.7669966996579, 274.7999999999864, 242.84207119739978, 324.2372990353549, 536.7426751592176, 520.7386281588311, 703.646153846138, 398.0817869415699, 280.5947019867441, 335.77560975609384, 470.17037037035516, 188.53239436620115, 374.88305647839024], "std": 145.8816402601565}