{"episode_rewards": [909.7999999999831, 792.7889298892868, 856.3217391304229, 871.1261648745383, 805.2545454545311, 823.388039867099, 904.2999999999801, 883.2437086092627, 906.4999999999907, 905.6999999999907, 889.6305084745612, 831.8388349514427, 922.6999999999917, 913.9999999999909, 906.4999999999851], "mean": 874.8728314167371, "std": 41.30232522544547}