{"std": 12.036405120144734, "mean": -80.91460879930031, "episode_rewards": [-87.42044728434432, -58.930158730159455, -88.29523809523734, -85.49411764705802, -89.71048951048867, -66.03850931677067, -85.91428571428507, -63.89636963696443, -91.0536585365843, -93.6210526315779, -90.39607843137168, -64.35770609319069, -89.78333333333255, -68.28510638297908, -90.52258064516042]}