{"episode_rewards": [282.94176245209405, 416.40516605165095, 329.79999999998677, 688.7610389610286, 331.378947368407, 328.3714285714151, 291.5525773195752, 401.5064846416229, 588.2057971014392, 329.37746478872225, 383.1836858005926, 772.5272727272604, 533.7622641509287, 305.2982817869299, 628.8969899665414], "mean": 440.7979441125463, "std": 154.41096272761322}