{"episode_rewards": [487.4288659793725, 357.84195804194195, 235.39322033897272, 541.179310344809, 289.6305084745594, 17.249664429532018, 163.6036809815997, 187.99444444444825, 549.4598639455716, 409.1632958801345, 191.4666666666712, 288.6888888888751, 403.70624999998324, 394.00849420848215, 499.13774834435566], "std": 150.4608011492688, "mean": 334.39685739795397}