{"std": 106.48968097460953, "episode_rewards": [-89.92602739725942, -90.36393442622864, -90.79561128526557, -90.88322981366369, -86.68648648648586, -93.9304075235099, 94.83546099291297, -90.064864864864, -89.48571428571346, 240.13613445376964, -90.33157894736755, -90.13288590603942, -90.26622516556205, 167.7738562091542, -89.85517241379226], "mean": -38.66511245732767}