{"std": 127.8754343955529, "mean": 321.38248948475945, "episode_rewards": [489.6305084745623, 334.1434343434194, 311.56470588234015, 167.8412371134062, 161.97228464419902, 147.58761061947334, 575.2098360655623, 341.40583941604797, 279.67012987012873, 200.91524163568803, 300.5352941176325, 200.7941176470539, 410.43829787232806, 430.8077519379807, 468.22105263156965]}