{"episode_rewards": [1002.0, 1002.0, 872.0, 1002.0, 1002.0, 317.0, 1002.0, 1002.0, 1002.0, 1002.0, 1002.0, 1002.0, 1002.0, 1002.0, 1002.0], "mean": 947.6666666666666, "std": 171.6281510190628}