{"std": 460.7428012339302, "episode_rewards": [40.0, 39.0, 1002.0, 95.0, 1002.0, 1002.0, 1002.0, 1002.0, 1002.0, 1002.0, 64.0, 70.0, 1002.0, 63.0, 1002.0], "mean": 625.9333333333333}