{"episode_rewards": [45.0, 183.0, 1002.0, 599.0, 1002.0, 1002.0, 572.0, 1002.0, 1002.0, 1002.0, 38.0, 49.0, 1002.0, 1002.0, 520.0], "std": 394.27095026418345, "mean": 668.1333333333333}