{"mean": 485.8666666666667, "std": 482.9412478644673, "episode_rewards": [1002.0, 1002.0, 26.0, 63.0, 26.0, 26.0, 26.0, 1002.0, 23.0, 1002.0, 1002.0, 1002.0, 1002.0, 23.0, 61.0]}