{"episode_rewards": [256.0, 257.0, 247.0, 261.0, 253.0, 261.0, 248.0, 257.0, 263.0, 251.0, 246.0, 263.0, 263.0, 245.0, 264.0], "mean": 255.66666666666666, "std": 6.6399464522606575}