{"mean": 737.7333333333333, "std": 438.2366889656269, "episode_rewards": [1002.0, 1002.0, 11.0, 11.0, 11.0, 1002.0, 1002.0, 1002.0, 1002.0, 1002.0, 1002.0, 11.0, 1002.0, 1002.0, 1002.0]}