{"episode_rewards": [1002.0, 139.0, 585.0, 610.0, 37.0, 1002.0, 691.0, 1002.0, 1002.0, 1002.0, 1002.0, 1002.0, 1002.0, 1002.0, 1002.0], "mean": 805.4666666666667, "std": 318.42191437706595}