{"mean": 935.9333333333333, "episode_rewards": [1002.0, 1002.0, 11.0, 1002.0, 1002.0, 1002.0, 1002.0, 1002.0, 1002.0, 1002.0, 1002.0, 1002.0, 1002.0, 1002.0, 1002.0], "std": 247.1988313528651}