{
  "(6, 0, 0)": {
    "acc": [
      1.0,
      1.0,
      1.0,
      1.0,
      1.0,
      1.0,
      1.0,
      1.0,
      1.0,
      1.0,
      1.0,
      1.0
    ],
    "loss": [
      1.0994675031179213e-05,
      1.0923425775163196e-05,
      1.0855591746935715e-05,
      1.0784663403210288e-05,
      1.0698105064802803e-05,
      1.0657435542234453e-05,
      1.0566830130919698e-05,
      1.0512515182108473e-05,
      1.0423507573577808e-05,
      1.036254488022678e-05,
      1.0300238237232406e-05,
      1.0227450147249329e-05
    ],
    "val_loss": [
      0.05625713346972207,
      0.056264219421960845,
      0.05635374069585077,
      0.05636385871678476,
      0.05639335163464448,
      0.056458297922250766,
      0.056458881309153275,
      0.056560639288104175,
      0.05656033855657361,
      0.05660767552640327,
      0.056673751302955315,
      0.05666132757880587
    ],
    "val_acc": [
      0.9906,
      0.9905,
      0.9906,
      0.9906,
      0.9906,
      0.9905,
      0.9905,
      0.9905,
      0.9905,
      0.9904,
      0.9906,
      0.9906
    ]
  },
  "(3, 0, 0)": {
    "acc": [
      1.0,
      1.0,
      1.0,
      1.0,
      1.0,
      1.0,
      1.0,
      1.0,
      1.0,
      1.0,
      1.0,
      1.0
    ],
    "loss": [
      1.4501041357470968e-05,
      1.4375818075332062e-05,
      1.426592372585219e-05,
      1.4114872752834345e-05,
      1.4009382814401761e-05,
      1.3870291423118033e-05,
      1.3749385970750154e-05,
      1.3688161568097712e-05,
      1.355705380062318e-05,
      1.3413378650875528e-05,
      1.3358879963780055e-05,
      1.3220889572885425e-05
    ],
    "val_loss": [
      0.05497985984733295,
      0.054923216736131965,
      0.05506124248605329,
      0.05503323705622924,
      0.05503141358942021,
      0.05520409267985369,
      0.055130809005595256,
      0.05518642835392738,
      0.055206599193859986,
      0.05533566823147539,
      0.05532626339006674,
      0.05542850835818472
    ],
    "val_acc": [
      0.9905,
      0.9906,
      0.9904,
      0.9904,
      0.9905,
      0.9904,
      0.9907,
      0.9906,
      0.9906,
      0.9905,
      0.9905,
      0.9904
    ]
  },
  "(0, 0, 0)": {
    "acc": [
      1.0,
      1.0,
      1.0,
      1.0,
      1.0,
      1.0,
      1.0,
      1.0,
      1.0,
      1.0,
      1.0,
      1.0
    ],
    "loss": [
      2.090919613216556e-05,
      2.061519566421339e-05,
      2.032396889962911e-05,
      2.0186187295021228e-05,
      1.9965985681719757e-05,
      1.9645202986775984e-05,
      1.9499555768506978e-05,
      1.9279145659493225e-05,
      1.907101802798934e-05,
      1.884268041827454e-05,
      1.8647078567082645e-05,
      1.8469644170418178e-05
    ],
    "val_loss": [
      0.053076990777761145,
      0.05313786939861211,
      0.05334951215572146,
      0.05342667288458906,
      0.05342160179540351,
      0.0533684479900633,
      0.053378974668357025,
      0.0535071955922449,
      0.05353349642750318,
      0.053656453595472706,
      0.053873353286503695,
      0.05373505550469545
    ],
    "val_acc": [
      0.9906,
      0.9906,
      0.9905,
      0.9905,
      0.9906,
      0.9905,
      0.9905,
      0.9906,
      0.9904,
      0.9906,
      0.9906,
      0.9904
    ]
  },
  "(7, 0, 0)": {
    "acc": [
      1.0,
      1.0,
      1.0,
      1.0,
      1.0,
      1.0,
      1.0,
      1.0,
      1.0,
      1.0,
      1.0,
      1.0
    ],
    "loss": [
      1.012460860893043e-05,
      1.0091221760685585e-05,
      1.002513454775908e-05,
      9.977457444583706e-06,
      9.910366880940274e-06,
      9.819695340938779e-06,
      9.796509423777024e-06,
      9.726423375232116e-06,
      9.65825199833489e-06,
      9.59925998811741e-06,
      9.547220206331985e-06,
      9.493682510114923e-06
    ],
    "val_loss": [
      0.05671050314202784,
      0.056664055486047075,
      0.0566794885049715,
      0.05672766270677958,
      0.056830435367092286,
      0.05684671294077025,
      0.05685485355674409,
      0.05684822985005176,
      0.0568950217185843,
      0.056942443670657664,
      0.056928285788666474,
      0.056970814756723574
    ],
    "val_acc": [
      0.9904,
      0.9905,
      0.9905,
      0.9905,
      0.9905,
      0.9906,
      0.9906,
      0.9905,
      0.9906,
      0.9905,
      0.9906,
      0.9905
    ]
  },
  "(4, 0, 0)": {
    "acc": [
      1.0,
      1.0,
      1.0,
      1.0,
      1.0,
      1.0,
      1.0,
      1.0,
      1.0,
      1.0,
      1.0,
      1.0
    ],
    "loss": [
      1.3141258072064375e-05,
      1.3020351203504107e-05,
      1.2909311561706999e-05,
      1.2820108494488522e-05,
      1.271051341554994e-05,
      1.26213526029278e-05,
      1.2529223317505967e-05,
      1.2420504869769502e-05,
      1.2347786826067022e-05,
      1.2257004814800893e-05,
      1.2132581901332742e-05,
      1.2058196592333843e-05
    ],
    "val_loss": [
      0.0554385740936932,
      0.05551213522109165,
      0.055579658857792764,
      0.05561517408662248,
      0.05552860954280586,
      0.05559413901802436,
      0.05565858210444821,
      0.055712908482698366,
      0.05574037923821943,
      0.055749733534484765,
      0.05585887109351625,
      0.055788345892503186
    ],
    "val_acc": [
      0.9905,
      0.9905,
      0.9905,
      0.9905,
      0.9906,
      0.9906,
      0.9906,
      0.9906,
      0.9905,
      0.9906,
      0.9905,
      0.9907
    ]
  },
  "(1, 0, 0)": {
    "acc": [
      1.0,
      1.0,
      1.0,
      1.0,
      1.0,
      1.0,
      1.0,
      1.0,
      1.0,
      1.0,
      1.0,
      1.0
    ],
    "loss": [
      1.8241839206675648e-05,
      1.7987311418837636e-05,
      1.7910663789898535e-05,
      1.773677307719481e-05,
      1.746337716320795e-05,
      1.7330728227534564e-05,
      1.7188584102495953e-05,
      1.70167642985507e-05,
      1.678414221649291e-05,
      1.6663032180676963e-05,
      1.653070636697521e-05,
      1.63567203440698e-05
    ],
    "val_loss": [
      0.0538328128741633,
      0.05385043503031593,
      0.05389093973681083,
      0.05392298482938786,
      0.05403743067880723,
      0.054069685357453275,
      0.05396521924640392,
      0.0540399873735505,
      0.05417902063833562,
      0.05426599293010777,
      0.05430807671071961,
      0.05433504280688867
    ],
    "val_acc": [
      0.9905,
      0.9906,
      0.9906,
      0.9906,
      0.9905,
      0.9905,
      0.9905,
      0.9905,
      0.9906,
      0.9906,
      0.9905,
      0.9905
    ]
  },
  "(5, 0, 0)": {
    "acc": [
      1.0,
      1.0,
      1.0,
      1.0,
      1.0,
      1.0,
      1.0,
      1.0,
      1.0,
      1.0,
      1.0,
      1.0
    ],
    "loss": [
      1.1967101731352159e-05,
      1.1872825928094244e-05,
      1.1808485475103226e-05,
      1.1711842371660168e-05,
      1.1627794603737129e-05,
      1.1537976800027536e-05,
      1.1435891851815541e-05,
      1.1358276290848153e-05,
      1.1313524075758324e-05,
      1.1233067130269773e-05,
      1.1158692735561999e-05,
      1.1071732836044248e-05
    ],
    "val_loss": [
      0.05591690094305604,
      0.05584442073421105,
      0.05591000394051871,
      0.05600103140055999,
      0.05604224559690529,
      0.056065609058787776,
      0.05609031742340312,
      0.05609784418772242,
      0.05613200564492936,
      0.05617878832768065,
      0.056204603447567385,
      0.05624273875551289
    ],
    "val_acc": [
      0.9906,
      0.9906,
      0.9906,
      0.9904,
      0.9906,
      0.9905,
      0.9905,
      0.9906,
      0.9904,
      0.9906,
      0.9906,
      0.9906
    ]
  },
  "(2, 0, 0)": {
    "acc": [
      1.0,
      1.0,
      1.0,
      1.0,
      1.0,
      1.0,
      1.0,
      1.0,
      1.0,
      1.0,
      1.0,
      1.0
    ],