{"loss": [2.1905343920898437, 1.5513139266204834, 0.7179431001853943, 0.4705981216812134, 0.38293025734901426, 0.33561685142993924, 0.3039808406543732, 0.2799213948655129, 0.26055736832618714, 0.24457337621688843, 0.230373970323205, 0.21814845735549926], "val_acc": [0.571, 0.7737, 0.8636, 0.8941, 0.9045, 0.9136, 0.9193, 0.9275, 0.9306, 0.9352, 0.9375, 0.9391], "acc": [0.29474, 0.65724, 0.80786, 0.86864, 0.89042, 0.90204, 0.91044, 0.91788, 0.92302, 0.92814, 0.93184, 0.9353], "val_loss": [2.0163051151275635, 0.9719587346076966, 0.5180371091842652, 0.3879090021133423, 0.3348489436149597, 0.2992774134159088, 0.2725952495574951, 0.24929062052965165, 0.23400959597826004, 0.22042933132648468, 0.20731634249687195, 0.20115629712343217]}