{"loss": [2.2318920431518556, 1.68842476272583, 0.7370224971008301, 0.4483085400915146, 0.36019206094741824, 0.31518833906173704, 0.2851458306503296, 0.2630991446304321, 0.24525988292694093, 0.23012970360755922, 0.21775216901779174, 0.20664624280929567], "val_acc": [0.4649, 0.7608, 0.877, 0.8985, 0.9117, 0.9174, 0.927, 0.9314, 0.9348, 0.9355, 0.9401, 0.9427], "acc": [0.2429, 0.62056, 0.82086, 0.87858, 0.8972, 0.90942, 0.9161, 0.9227, 0.92832, 0.93128, 0.9352, 0.93862], "val_loss": [2.1091454429626464, 1.0740445804595948, 0.5044470049381257, 0.36806819190979007, 0.31698482146263124, 0.2849847153544426, 0.2526278224825859, 0.2337649016082287, 0.21838827511668205, 0.21643121301531792, 0.20211104493439197, 0.18929789430499078]}