{"loss": [2.287907001647949, 2.242516292114258, 2.1294032579040527, 1.6955586763381958, 0.9197097062683105, 0.5809938016700744, 0.46147220717430115, 0.3993453988075256, 0.3601936077308655, 0.33169979898452756, 0.31008513132572174, 0.291605190114975], "val_acc": [0.2813, 0.3451, 0.5001, 0.7467, 0.8304, 0.8716, 0.8879, 0.898, 0.905, 0.9121, 0.9182, 0.9248], "acc": [0.22778, 0.30756, 0.4023, 0.61608, 0.77722, 0.83898, 0.86882, 0.88478, 0.89506, 0.90252, 0.90854, 0.91322], "val_loss": [2.2680016540527346, 2.2055180713653564, 2.000042936706543, 1.2439107540130616, 0.6533787872314453, 0.4769109142780304, 0.40085596828460696, 0.35502289299964906, 0.3240987309217453, 0.3014116192340851, 0.28086065628528595, 0.2635544026613236]}